"film_id","title","description"
13,"Ali Forever","A Action-Packed Drama of a Dentist And a Crocodile who must Battle a Feminist in The Canadian Rockies"
21,"American Circus","A Insightful Drama of a Girl And a Astronaut who must Face a Database Administrator in A Shark Tank"
265,"Dying Maker","A Intrepid Tale of a Boat And a Monkey who must Kill a Cat in California"
47,"Baby Hall","A Boring Character Study of a A Shark And a Girl who must Outrace a Feminist in An Abandoned Mine Shaft"
126,"Casualties Encino","A Insightful Yarn of a A Shark And a Pastry Chef who must Face a Boy in A Monastery"
61,"Beauty Grease","A Fast-Paced Display of a Composer And a Moose who must Sink a Robot in An Abandoned Mine Shaft"
68,"Betrayed Rear","A Emotional Character Study of a Boat And a Pioneer who must Find a Explorer in A Shark Tank"
70,"Bikini Borrowers","A Astounding Drama of a Astronaut And a Cat who must Discover a Woman in The First Manned Space Station"
74,"Birch Antitrust","A Fanciful Panorama of a Husband And a Pioneer who must Outgun a Dog in A Baloon"
75,"Bird Independence","A Thrilling Documentary of a Car And a Student who must Sink a Hunter in The Canadian Rockies"
86,"Boogie Amelie","A Lacklusture Character Study of a Husband And a Sumo Wrestler who must Succumb a Technical Writer in The Gulf of Mexico"
88,"Born Spinal","A Touching Epistle of a Frisbee And a Husband who must Pursue a Student in Nigeria"
93,"Brannigan Sunrise","A Amazing Epistle of a Moose And a Crocodile who must Outrace a Dog in Berlin"
95,"Breakfast Goldfinger","A Beautiful Reflection of a Student And a Student who must Fight a Moose in Berlin"
100,"Brooklyn Desert","A Beautiful Drama of a Dentist And a Composer who must Battle a Sumo Wrestler in The First Manned Space Station"
103,"Bucket Brotherhood","A Amazing Display of a Girl And a Womanizer who must Succumb a Lumberjack in A Baloon Factory"
117,"Candles Grapes","A Fanciful Character Study of a Monkey And a Explorer who must Build a Astronaut in An Abandoned Fun House"
124,"Casper Dragonfly","A Intrepid Documentary of a Boat And a Crocodile who must Chase a Robot in The Sahara Desert"
131,"Center Dinosaur","A Beautiful Character Study of a Sumo Wrestler And a Dentist who must Find a Dog in California"
141,"Chicago North","A Fateful Yarn of a Mad Cow And a Waitress who must Battle a Student in California"
145,"Chisum Behavior","A Epic Documentary of a Sumo Wrestler And a Butler who must Kill a Car in Ancient India"
151,"Cincinatti Whisperer","A Brilliant Saga of a Pastry Chef And a Hunter who must Confront a Butler in Berlin"
156,"Clerks Angels","A Thrilling Display of a Sumo Wrestler And a Girl who must Confront a Man in A Baloon"
174,"Confidential Interview","A Stunning Reflection of a Cat And a Woman who must Find a Astronaut in Ancient Japan"
177,"Connecticut Tramp","A Unbelieveable Drama of a Crocodile And a Mad Cow who must Reach a Dentist in A Shark Tank"
179,"Conquerer Nuts","A Taut Drama of a Mad Scientist And a Man who must Escape a Pioneer in An Abandoned Mine Shaft"
182,"Control Anthem","A Fateful Documentary of a Robot And a Student who must Battle a Cat in A Monastery"
190,"Creepers Kane","A Awe-Inspiring Reflection of a Squirrel And a Boat who must Outrace a Car in A Jet Boat"
202,"Daddy Pittsburgh","A Epic Story of a A Shark And a Student who must Confront a Explorer in The Gulf of Mexico"
207,"Dangerous Uptown","A Unbelieveable Story of a Mad Scientist And a Woman who must Overcome a Dog in California"
210,"Darko Dorado","A Stunning Reflection of a Frisbee And a Husband who must Redeem a Dog in New Orleans"
211,"Darling Breaking","A Brilliant Documentary of a Astronaut And a Squirrel who must Succumb a Student in The Gulf of Mexico"
212,"Darn Forrester","A Fateful Story of a A Shark And a Explorer who must Succumb a Technical Writer in A Jet Boat"
239,"Dogma Family","A Brilliant Character Study of a Database Administrator And a Monkey who must Succumb a Astronaut in New Orleans"
244,"Dorado Notting","A Action-Packed Tale of a Sumo Wrestler And a A Shark who must Meet a Frisbee in California"
246,"Doubtfire Labyrinth","A Intrepid Panorama of a Butler And a Composer who must Meet a Mad Cow in The Sahara Desert"
248,"Dozen Lion","A Taut Drama of a Cat And a Girl who must Defeat a Frisbee in The Canadian Rockies"
251,"Dragonfly Strangers","A Boring Documentary of a Pioneer And a Man who must Vanquish a Man in Nigeria"
255,"Driving Polish","A Action-Packed Yarn of a Feminist And a Technical Writer who must Sink a Boat in An Abandoned Mine Shaft"
256,"Drop Waterfront","A Fanciful Documentary of a Husband And a Explorer who must Reach a Madman in Ancient China"
260,"Dude Blindness","A Stunning Reflection of a Husband And a Lumberjack who must Face a Frisbee in An Abandoned Fun House"
263,"Durham Panky","A Brilliant Panorama of a Girl And a Boy who must Face a Mad Scientist in An Abandoned Mine Shaft"
267,"Eagles Panky","A Thoughtful Story of a Car And a Boy who must Find a A Shark in The Sahara Desert"
271,"Easy Gladiator","A Fateful Story of a Monkey And a Girl who must Overcome a Pastry Chef in Ancient India"
272,"Edge Kissing","A Beautiful Yarn of a Composer And a Mad Cow who must Redeem a Mad Scientist in A Jet Boat"
277,"Elephant Trojan","A Beautiful Panorama of a Lumberjack And a Forensic Psychologist who must Overcome a Frisbee in A Baloon"
278,"Elf Murder","A Action-Packed Story of a Frisbee And a Woman who must Reach a Girl in An Abandoned Mine Shaft"
279,"Elizabeth Shane","A Lacklusture Display of a Womanizer And a Dog who must Face a Sumo Wrestler in Ancient Japan"
294,"Expecations Natural","A Amazing Drama of a Butler And a Husband who must Reach a A Shark in A U-Boat"
310,"Fever Empire","A Insightful Panorama of a Cat And a Boat who must Defeat a Boat in The Gulf of Mexico"
316,"Fire Wolves","A Intrepid Documentary of a Frisbee And a Dog who must Outrace a Lumberjack in Nigeria"
321,"Flash Wars","A Astounding Saga of a Moose And a Pastry Chef who must Chase a Student in The Gulf of Mexico"
323,"Flight Lies","A Stunning Character Study of a Crocodile And a Pioneer who must Pursue a Teacher in New Orleans"
324,"Flintstones Happiness","A Fateful Story of a Husband And a Moose who must Vanquish a Boy in California"
327,"Fool Mockingbird","A Lacklusture Tale of a Crocodile And a Composer who must Defeat a Madman in A U-Boat"
340,"Frontier Cabin","A Emotional Story of a Madman And a Waitress who must Battle a Teacher in An Abandoned Fun House"
346,"Galaxy Sweethearts","A Emotional Reflection of a Womanizer And a Pioneer who must Face a Squirrel in Berlin"
359,"Gladiator Westward","A Astounding Reflection of a Squirrel And a Sumo Wrestler who must Sink a Dentist in Ancient Japan"
365,"Gold River","A Taut Documentary of a Database Administrator And a Waitress who must Reach a Mad Scientist in A Baloon Factory"
371,"Gosford Donnie","A Epic Panorama of a Mad Scientist And a Monkey who must Redeem a Secret Agent in Berlin"
372,"Graceland Dynamite","A Taut Display of a Cat And a Girl who must Overcome a Database Administrator in New Orleans"
381,"Grinch Massage","A Intrepid Display of a Madman And a Feminist who must Pursue a Pioneer in The First Manned Space Station"
385,"Groundhog Uncut","A Brilliant Panorama of a Astronaut And a Technical Writer who must Discover a Butler in A Manhattan Penthouse"
403,"Harry Idaho","A Taut Yarn of a Technical Writer And a Feminist who must Outrace a Dog in California"
420,"Holes Brannigan","A Fast-Paced Reflection of a Technical Writer And a Student who must Fight a Boy in The Canadian Rockies"
422,"Hollow Jeopardy","A Beautiful Character Study of a Robot And a Astronaut who must Overcome a Boat in A Monastery"
426,"Home Pity","A Touching Panorama of a Man And a Secret Agent who must Challenge a Teacher in A MySQL Convention"
435,"Hotel Happiness","A Thrilling Yarn of a Pastry Chef And a A Shark who must Challenge a Mad Scientist in The Outback"
439,"Hunchback Impossible","A Touching Yarn of a Frisbee And a Dentist who must Fight a Composer in Ancient Japan"
446,"Hysterical Grail","A Amazing Saga of a Madman And a Dentist who must Build a Car in A Manhattan Penthouse"
451,"Igby Maker","A Epic Documentary of a Hunter And a Dog who must Outgun a Dog in A Baloon Factory"
456,"Inch Jet","A Fateful Saga of a Womanizer And a Student who must Defeat a Butler in A Monastery"
460,"Innocent Usual","A Beautiful Drama of a Pioneer And a Crocodile who must Challenge a Student in The Outback"
472,"Italian African","A Astounding Character Study of a Monkey And a Moose who must Outgun a Cat in A U-Boat"
487,"Jingle Sagebrush","A Epic Character Study of a Feminist And a Student who must Meet a Woman in A Baloon"
499,"King Evolution","A Action-Packed Tale of a Boy And a Lumberjack who must Chase a Madman in A Baloon"
500,"Kiss Glory","A Lacklusture Reflection of a Girl And a Husband who must Find a Robot in The Canadian Rockies"
501,"Kissing Dolls","A Insightful Reflection of a Pioneer And a Teacher who must Build a Composer in The First Manned Space Station"
508,"Lambs Cincinatti","A Insightful Story of a Man And a Feminist who must Fight a Composer in Australia"
510,"Lawless Vision","A Insightful Yarn of a Boy And a Sumo Wrestler who must Outgun a Car in The Outback"
518,"Liaisons Sweet","A Boring Drama of a A Shark And a Explorer who must Redeem a Waitress in The Canadian Rockies"
521,"Lies Treatment","A Fast-Paced Character Study of a Dentist And a Moose who must Defeat a Composer in The First Manned Space Station"
551,"Maiden Home","A Lacklusture Saga of a Moose And a Teacher who must Kill a Forensic Psychologist in A MySQL Convention"
556,"Maltese Hope","A Fast-Paced Documentary of a Crocodile And a Sumo Wrestler who must Conquer a Explorer in California"
563,"Massacre Usual","A Fateful Reflection of a Waitress And a Crocodile who must Challenge a Forensic Psychologist in California"
578,"Million Ace","A Brilliant Documentary of a Womanizer And a Squirrel who must Find a Technical Writer in The Sahara Desert"
579,"Minds Truman","A Taut Yarn of a Mad Scientist And a Crocodile who must Outgun a Database Administrator in A Monastery"
580,"Mine Titans","A Amazing Yarn of a Robot And a Womanizer who must Discover a Forensic Psychologist in Berlin"
583,"Mission Zoolander","A Intrepid Story of a Sumo Wrestler And a Teacher who must Meet a A Shark in An Abandoned Fun House"
588,"Model Fish","A Beautiful Panorama of a Boat And a Crocodile who must Outrace a Dog in Australia"
591,"Monsoon Cause","A Astounding Tale of a Crocodile And a Car who must Outrace a Squirrel in A U-Boat"
596,"Moonshine Cabin","A Thoughtful Display of a Astronaut And a Feminist who must Chase a Frisbee in A Jet Boat"
597,"Moonwalker Fool","A Epic Drama of a Feminist And a Pioneer who must Sink a Composer in New Orleans"
614,"Name Detective","A Touching Saga of a Sumo Wrestler And a Cat who must Pursue a Mad Scientist in Nigeria"
624,"Nightmare Chill","A Brilliant Display of a Robot And a Butler who must Fight a Waitress in An Abandoned Mine Shaft"
632,"Nuts Ties","A Thoughtful Drama of a Explorer And a Womanizer who must Meet a Teacher in California"
637,"Open African","A Lacklusture Drama of a Secret Agent And a Explorer who must Discover a Car in A U-Boat"
648,"Outlaw Hanky","A Thoughtful Story of a Astronaut And a Composer who must Conquer a Dog in The Sahara Desert"
661,"Past Suicides","A Intrepid Tale of a Madman And a Astronaut who must Challenge a Hunter in A Monastery"
666,"Paycheck Wait","A Awe-Inspiring Reflection of a Boy And a Man who must Discover a Moose in The Sahara Desert"
676,"Philadelphia Wife","A Taut Yarn of a Hunter And a Astronaut who must Conquer a Database Administrator in The Sahara Desert"
682,"Pittsburgh Hunchback","A Thrilling Epistle of a Boy And a Boat who must Find a Student in Soviet Georgia"
685,"Platoon Instinct","A Thrilling Panorama of a Man And a Woman who must Reach a Woman in Australia"
691,"Poseidon Forever","A Thoughtful Epistle of a Womanizer And a Monkey who must Vanquish a Dentist in A Monastery"
695,"President Bang","A Fateful Panorama of a Technical Writer And a Moose who must Battle a Robot in Soviet Georgia"
706,"Queen Luke","A Astounding Story of a Girl And a Boy who must Challenge a Composer in New Orleans"
711,"Raging Airplane","A Astounding Display of a Secret Agent And a Technical Writer who must Escape a Mad Scientist in A Jet Boat"
715,"Range Moonwalker","A Insightful Documentary of a Hunter And a Dentist who must Confront a Crocodile in A Baloon"
719,"Records Zorro","A Amazing Drama of a Mad Scientist And a Composer who must Build a Husband in The Outback"
721,"Reds Pocus","A Lacklusture Yarn of a Sumo Wrestler And a Squirrel who must Redeem a Monkey in Soviet Georgia"
725,"Requiem Tycoon","A Unbelieveable Character Study of a Cat And a Database Administrator who must Pursue a Teacher in A Monastery"
731,"Right Cranes","A Fateful Character Study of a Boat And a Cat who must Find a Database Administrator in A Jet Boat"
734,"Road Roxanne","A Boring Character Study of a Waitress And a Astronaut who must Fight a Crocodile in Ancient Japan"
739,"Rocky War","A Fast-Paced Display of a Squirrel And a Explorer who must Outgun a Mad Scientist in Nigeria"
745,"Roses Treasure","A Astounding Panorama of a Monkey And a Secret Agent who must Defeat a Woman in The First Manned Space Station"
749,"Rules Human","A Beautiful Epistle of a Astronaut And a Student who must Confront a Monkey in An Abandoned Fun House"
764,"Saturday Lambs","A Thoughtful Reflection of a Mad Scientist And a Moose who must Kill a Husband in A Baloon"
765,"Saturn Name","A Fateful Epistle of a Butler And a Boy who must Redeem a Teacher in Berlin"
767,"Scalawag Duck","A Fateful Reflection of a Car And a Teacher who must Confront a Waitress in A Monastery"
769,"School Jacket","A Intrepid Yarn of a Monkey And a Boy who must Fight a Composer in A Manhattan Penthouse"
771,"Scorpion Apollo","A Awe-Inspiring Documentary of a Technical Writer And a Husband who must Meet a Monkey in An Abandoned Fun House"
777,"Secretary Rouge","A Action-Packed Panorama of a Mad Cow And a Composer who must Discover a Robot in A Baloon Factory"
781,"Seven Swarm","A Unbelieveable Character Study of a Dog And a Mad Cow who must Kill a Monkey in Berlin"
791,"Show Lord","A Fanciful Saga of a Student And a Girl who must Find a Butler in Ancient Japan"
801,"Sister Freddy","A Stunning Saga of a Butler And a Woman who must Pursue a Explorer in Australia"
803,"Slacker Liaisons","A Fast-Paced Tale of a A Shark And a Student who must Meet a Crocodile in Ancient China"
804,"Sleeping Suspects","A Stunning Reflection of a Sumo Wrestler And a Explorer who must Sink a Frisbee in A MySQL Convention"
817,"Soldiers Evolution","A Lacklusture Panorama of a A Shark And a Pioneer who must Confront a Student in The First Manned Space Station"
818,"Something Duck","A Boring Character Study of a Car And a Husband who must Outgun a Frisbee in The First Manned Space Station"
826,"Speed Suit","A Brilliant Display of a Frisbee And a Mad Scientist who must Succumb a Robot in Ancient China"
827,"Spice Sorority","A Fateful Display of a Pioneer And a Hunter who must Defeat a Husband in An Abandoned Mine Shaft"
843,"Steel Santa","A Fast-Paced Yarn of a Composer And a Frisbee who must Face a Moose in Nigeria"
844,"Steers Armageddon","A Stunning Character Study of a Car And a Girl who must Succumb a Car in A MySQL Convention"
853,"Stranger Strangers","A Awe-Inspiring Yarn of a Womanizer And a Explorer who must Fight a Woman in The First Manned Space Station"
858,"Submarine Bed","A Amazing Display of a Car And a Monkey who must Fight a Teacher in Soviet Georgia"
865,"Sunrise League","A Beautiful Epistle of a Madman And a Butler who must Face a Crocodile in A Manhattan Penthouse"
871,"Sweden Shining","A Taut Documentary of a Car And a Robot who must Conquer a Boy in The Canadian Rockies"
879,"Telegraph Voyage","A Fateful Yarn of a Husband And a Dog who must Battle a Waitress in A Jet Boat"
887,"Thief Pelican","A Touching Documentary of a Madman And a Mad Scientist who must Outrace a Feminist in An Abandoned Mine Shaft"
897,"Torque Bound","A Emotional Display of a Crocodile And a Husband who must Reach a Man in Ancient Japan"
898,"Tourist Pelican","A Boring Story of a Butler And a Astronaut who must Outrace a Pioneer in Australia"
902,"Trading Pinocchio","A Emotional Character Study of a Student And a Explorer who must Discover a Frisbee in The First Manned Space Station"
903,"Traffic Hobbit","A Amazing Epistle of a Squirrel And a Lumberjack who must Succumb a Database Administrator in A U-Boat"
905,"Trainspotting Strangers","A Fast-Paced Drama of a Pioneer And a Mad Cow who must Challenge a Madman in Ancient Japan"
918,"Twisted Pirates","A Touching Display of a Frisbee And a Boat who must Kill a Girl in A MySQL Convention"
929,"Usual Untouchables","A Touching Display of a Explorer And a Lumberjack who must Fight a Forensic Psychologist in A Shark Tank"
933,"Vampire Whale","A Epic Story of a Lumberjack And a Monkey who must Confront a Pioneer in A MySQL Convention"
934,"Vanilla Day","A Fast-Paced Saga of a Girl And a Forensic Psychologist who must Redeem a Girl in Nigeria"
938,"Velvet Terminator","A Lacklusture Tale of a Pastry Chef And a Technical Writer who must Confront a Crocodile in An Abandoned Amusement Park"
941,"Videotape Arsenic","A Lacklusture Display of a Girl And a Astronaut who must Succumb a Student in Australia"
944,"Virgin Daisy","A Awe-Inspiring Documentary of a Robot And a Mad Scientist who must Reach a Database Administrator in A Shark Tank"
946,"Virtual Spoilers","A Fateful Tale of a Database Administrator And a Squirrel who must Discover a Student in Soviet Georgia"
950,"Volume House","A Boring Tale of a Dog And a Woman who must Meet a Dentist in California"
955,"Walls Artist","A Insightful Panorama of a Teacher And a Teacher who must Overcome a Mad Cow in An Abandoned Fun House"
961,"Wash Heavenly","A Awe-Inspiring Reflection of a Cat And a Pioneer who must Escape a Hunter in Ancient China"
969,"West Lion","A Intrepid Drama of a Butler And a Lumberjack who must Challenge a Database Administrator in A Manhattan Penthouse"
973,"Wife Turn","A Awe-Inspiring Epistle of a Teacher And a Feminist who must Confront a Pioneer in Ancient Japan"
